{
  "model": "svm",
  "n_rows": 1353,
  "n_features": 9,
  "accuracy": 0.940959409594096,
  "precision": 0.9875,
  "recall": 0.948,
  "f1": 0.9673469387755103,
  "roc_auc": 0.9649523809523809,
  "classification_report": "              precision    recall  f1-score   support\n\n           0     0.5806    0.8571    0.6923        21\n           1     0.9875    0.9480    0.9673       250\n\n    accuracy                         0.9410       271\n   macro avg     0.7841    0.9026    0.8298       271\nweighted avg     0.9560    0.9410    0.9460       271\n",
  "confusion_matrix": [
    [
      18,
      3
    ],
    [
      13,
      237
    ]
  ]
}